{"stats":{"minecraft:killed":{"minecraft:sheep":2,"minecraft:zombie":6,"minecraft:bee":1,"minecraft:chicken":1,"minecraft:salmon":5,"minecraft:squid":5},"minecraft:picked_up":{"minecraft:chicken":1,"minecraft:gravel":4,"vehicle:fuelium_bucket":1,"minecraft:dirt":48,"minecraft:coal":64},"minecraft:dropped":{"minecraft:gravel":4,"minecraft:dirt":48,"minecraft:chicken":1},"minecraft:used":{"vehicle:fuelium_bucket":8,"moguns:lanchester":21,"moguns:thompson":46,"moguns:as_val":7,"vehicle:fluid_extractor":3,"moguns:ppsh_41":244,"moguns:remington_870":2,"moguns:benelli":2,"minecraft:grass_block":5,"moguns:famas":11,"moguns:akm_custom":6,"moguns:mp5":32,"moguns:mossberg":2,"moguns:big_iron":6,"vehicle:fluid_pump":6,"minecraft:polished_granite":2,"minecraft:stone":42,"vehicle:workstation":4,"minecraft:zombie_spawn_egg":9,"moguns:m1_garand":8,"moguns:micro_uzi":14,"moguns:g36c":264,"vehicle:vehicle_crate":10,"vehicle:fuel_drum":1,"moguns:m1911":5,"moguns:trashcan":2,"moguns:akm":9,"moguns:baker_rifle":2,"moguns:walther_ppk":9,"vehicle:jack":9,"moguns:m16a1":6,"moguns:uzi":8,"moguns:m14_ebr":17,"moguns:glock17":4,"vehicle:gas_pump":5,"moguns:m14":8,"moguns:scar_h":8,"vehicle:industrial_fuel_drum":4,"cgm:bazooka":2,"vehicle:fluid_pipe":18,"moguns:glockest_glock":251,"moguns:scar_l":9,"moguns:vss_vintorez":3,"moguns:welrod":2},"minecraft:custom":{"minecraft:time_since_rest":29775,"minecraft:sprint_one_cm":6462,"minecraft:walk_one_cm":48185,"minecraft:mob_kills":24,"minecraft:drop":3,"minecraft:swim_one_cm":1113,"minecraft:fly_one_cm":50019,"minecraft:crouch_one_cm":2251,"minecraft:play_one_minute":29775,"minecraft:sneak_time":1030,"minecraft:walk_under_water_one_cm":4199,"minecraft:jump":102,"minecraft:leave_game":3,"minecraft:time_since_death":29775,"minecraft:walk_on_water_one_cm":2027}},"DataVersion":2586}