{"stats":{"minecraft:used":{"vehicle:gas_pump":1,"vehicle:fuel_drum":1,"vehicle:industrial_fuel_drum":3,"vehicle:workstation":1,"vehicle:fluid_pipe":18,"minecraft:polished_granite":2,"vehicle:fluid_pump":6,"vehicle:vehicle_crate":2,"vehicle:fuelium_bucket":8},"minecraft:custom":{"minecraft:jump":47,"minecraft:time_since_rest":5792,"minecraft:crouch_one_cm":1086,"minecraft:play_one_minute":5792,"minecraft:sprint_one_cm":1057,"minecraft:time_since_death":5792,"minecraft:walk_one_cm":11876,"minecraft:sneak_time":538,"minecraft:fly_one_cm":1681}},"DataVersion":2586}