{"stats":{"minecraft:picked_up":{"minecraft:bone":6,"minecraft:arrow":6,"minecraft:rotten_flesh":5,"minecraft:bow":1,"minecraft:gunpowder":1,"minecraft:spider_eye":1,"minecraft:string":4},"minecraft:killed":{"minecraft:skeleton":6,"minecraft:spider":10,"minecraft:zombie":11},"minecraft:used":{"apexguns:r99":238,"moguns:double_barrel":10,"moguns:walther_ppk":1,"minecraft:water_bucket":40,"apexguns:spitfire":17,"minecraft:iron_bars":3,"moguns:ppsh_41":10,"moguns:wrapped_rifle":55,"minecraft:cobblestone_wall":6,"minecraft:oak_planks":27,"moguns:big_iron":18,"minecraft:cut_sandstone":1,"minecraft:ender_chest":1,"minecraft:stone":1,"moguns:glockest_glock":413,"moguns:micro_uzi":25,"vehicle:vehicle_crate":3,"moguns:trashcan":4},"minecraft:custom":{"minecraft:time_since_rest":12354,"minecraft:play_one_minute":12354,"minecraft:crouch_one_cm":1731,"minecraft:sprint_one_cm":5122,"minecraft:open_enderchest":1,"minecraft:walk_one_cm":33913,"minecraft:sneak_time":344,"minecraft:walk_under_water_one_cm":3927,"minecraft:mob_kills":27,"minecraft:jump":67,"minecraft:leave_game":1,"minecraft:walk_on_water_one_cm":376,"minecraft:time_since_death":12354,"minecraft:climb_one_cm":2530,"minecraft:fly_one_cm":10980}},"DataVersion":2586}