{"stats":{"minecraft:used":{"vehicle:gas_pump":2,"vehicle:industrial_fuel_drum":4,"vehicle:fuel_drum":1,"vehicle:fluid_pump":6,"minecraft:polished_granite":2,"vehicle:workstation":3,"minecraft:stone":21,"vehicle:fluid_pipe":18,"vehicle:fluid_extractor":1,"vehicle:vehicle_crate":10,"minecraft:grass_block":1,"vehicle:fuelium_bucket":8},"minecraft:custom":{"minecraft:jump":60,"minecraft:time_since_rest":17397,"minecraft:crouch_one_cm":1960,"minecraft:play_one_minute":17397,"minecraft:leave_game":2,"minecraft:sprint_one_cm":3698,"minecraft:time_since_death":17397,"minecraft:walk_on_water_one_cm":123,"minecraft:walk_one_cm":27911,"minecraft:sneak_time":916,"minecraft:walk_under_water_one_cm":3216,"minecraft:fly_one_cm":24230}},"DataVersion":2586}