{"stats":{"minecraft:used":{"minecraft:stone_brick_slab":8,"minecraft:stone_bricks":1,"cfm:dark_oak_desk_cabinet":2,"cfm:stone_chair":5,"dramaticdoors:tall_dark_oak_door":6,"cfm:dark_oak_desk":4,"minecraft:bookshelf":89,"minecraft:quartz_pillar":38,"minecraft:smooth_quartz_slab":7,"mcwwindows:blackstone_four_window":12,"cfm:stripped_spruce_desk_cabinet":2,"cfm:red_sofa":14,"minecraft:quartz_block":203,"minecraftmodernxl:statuette_white":1,"cfm:dark_oak_blinds":35,"mcwwindows:red_mosaic_glass":4,"minecraft:quartz_stairs":6,"minecraft:dark_oak_door":4},"minecraft:killed":{"minecraft:spider":10,"minecraft:skeleton":5,"minecraft:zombie":10,"minecraft:zombie_villager":1,"minecraft:creeper":12},"minecraft:picked_up":{"minecraft:bone":6,"minecraft:arrow":3,"minecraft:rotten_flesh":11,"minecraft:gunpowder":14,"minecraft:spider_eye":4,"minecraft:string":6},"minecraft:custom":{"minecraft:time_since_rest":62942,"minecraft:play_one_minute":62942,"minecraft:crouch_one_cm":2403,"minecraft:sprint_one_cm":6956,"minecraft:walk_one_cm":26684,"minecraft:sneak_time":1270,"minecraft:mob_kills":38,"minecraft:jump":52,"minecraft:leave_game":3,"minecraft:time_since_death":62942,"minecraft:fall_one_cm":209,"minecraft:fly_one_cm":128677}},"DataVersion":2586}