{"stats":{"minecraft:used":{"minecraft:stone_bricks":1,"cfm:dark_oak_desk_cabinet":2,"cfm:stone_chair":5,"dramaticdoors:tall_dark_oak_door":6,"cfm:dark_oak_desk":4,"minecraft:bookshelf":89,"minecraft:quartz_pillar":38,"minecraft:smooth_quartz_slab":4,"mcwwindows:blackstone_four_window":12,"cfm:stripped_spruce_desk_cabinet":2,"cfm:red_sofa":14,"minecraft:quartz_block":203,"minecraftmodernxl:statuette_white":1,"cfm:dark_oak_blinds":35,"minecraft:quartz_stairs":6,"minecraft:dark_oak_door":4},"minecraft:custom":{"minecraft:time_since_rest":50942,"minecraft:play_one_minute":50942,"minecraft:crouch_one_cm":2285,"minecraft:sprint_one_cm":5214,"minecraft:walk_one_cm":21127,"minecraft:sneak_time":1089,"minecraft:jump":46,"minecraft:leave_game":3,"minecraft:time_since_death":50942,"minecraft:fall_one_cm":209,"minecraft:fly_one_cm":87300}},"DataVersion":2586}