{"stats":{"minecraft:used":{"cfm:red_sofa":14,"cfm:dark_oak_desk_cabinet":2,"minecraft:quartz_block":69,"cfm:stone_chair":5,"cfm:dark_oak_desk":4,"cfm:dark_oak_blinds":27,"minecraft:quartz_pillar":16,"mcwwindows:blackstone_four_window":12,"cfm:stripped_spruce_desk_cabinet":2},"minecraft:custom":{"minecraft:jump":31,"minecraft:time_since_rest":38942,"minecraft:crouch_one_cm":1756,"minecraft:play_one_minute":38942,"minecraft:leave_game":3,"minecraft:sprint_one_cm":3401,"minecraft:time_since_death":38942,"minecraft:walk_one_cm":12279,"minecraft:sneak_time":574,"minecraft:fall_one_cm":209,"minecraft:fly_one_cm":47401}},"DataVersion":2586}