{"stats":{"minecraft:custom":{"minecraft:mob_kills":144,"minecraft:play_one_minute":1829544,"minecraft:leave_game":21,"minecraft:time_since_death":1829544,"minecraft:climb_one_cm":1845,"minecraft:time_since_rest":1829544,"minecraft:sprint_one_cm":366768,"minecraft:walk_one_cm":761656,"minecraft:drop":8,"minecraft:damage_dealt":231,"minecraft:swim_one_cm":5841,"minecraft:fly_one_cm":10107330,"minecraft:player_kills":1,"minecraft:crouch_one_cm":34509,"minecraft:sneak_time":62283,"minecraft:walk_under_water_one_cm":24363,"minecraft:jump":2248,"minecraft:walk_on_water_one_cm":14490},"minecraft:killed":{"alexsmobs:hummingbird":1,"minecraft:husk":1,"minecraft:pig":1,"minecraft:spider":36,"aquaculture:gar":1,"minecraft:creeper":22,"minecraft:squid":8,"minecraft:phantom":3,"minecraft:sheep":3,"minecraft:skeleton":30,"minecraft:zombie":26,"aquaculture:brown_trout":4,"alexsmobs:fly":4,"alexsmobs:crow":1},"minecraft:used":{"drinkbeer:beer_mug_blaze_milk_stout":25,"mcwwindows:stone_brick_gothic":4,"cfm:stripped_dark_oak_park_bench":100,"minecraft:dark_oak_stairs":91,"mcwfences:blackstone_pillar_wall":1,"mcwwindows:stripped_oak_log_window2":5,"minecraft:light_gray_stained_glass_pane":5,"mts:mtsofficialpack.fordmustang69_red":1,"ganjacraft:magic_cookie":1,"mts:mtsofficialpack.scout_black":2,"minecraft:dark_oak_sign":2,"minecraft:polished_andesite":629,"minecraft:oak_sign":41,"minecraft:stone":3460,"minecraft:beacon":5,"minecraft:spruce_sign":11,"mts:mtsofficialpack.firetruck":1,"vehicle:vehicle_crate":3,"minecraft:quartz_stairs":644,"minecraftmodernxl:epice_2":1,"mts:mts.itembench":2,"mcwwindows:metal_pane_window":79,"ganjacraft:sativa_gummy":1,"minecraftmodernxl:stride1":1,"mts:mtsofficialpack.gmcbrig_blue":1,"minecraftmodernxl:modern_door_stone":6,"minecraft:brick_slab":7036,"minecraft:chiseled_quartz_block":162,"minecraft:birch_sign":9,"minecraft:yellow_concrete":1,"mcwfences:modern_stone_brick_wall":1,"minecraft:nether_brick_slab":6448,"minecraft:dark_oak_door":10,"mcwwindows:red_mosaic_glass":257,"minecraftmodernxl:terrarium1":1,"minecraft:black_terracotta":1,"minecraft:stone_brick_slab":1955,"minecraft:dark_oak_planks":202,"minecraft:black_concrete":628,"minecraft:dark_oak_log":90,"minecraft:iron_block":39,"minecraft:quartz_pillar":406,"minecraft:acacia_sign":1,"minecraft:black_stained_glass_pane":24,"minecraft:quartz_slab":630,"mcwwindows:blackstone_four_window":297,"minecraft:grass_block":251,"minecraft:quartz_block":6741,"carryon:entity_item":3,"minecraft:dark_oak_slab":18,"minecraft:smooth_quartz":40,"minecraftmodernxl:drap_lavande":1,"minecraftmodernxl:modern_door_eco_2":2,"minecraft:stone_brick_stairs":1156,"minecraft:stone_bricks":4055,"minecraftmodernxl:black_cage_lamp":8,"mts:mtsofficialpack.ft17_olive":2,"minecraftmodernxl:cushion_11":4,"mcwwindows:red_mosaic_glass_pane":279,"minecraft:coal_block":24,"minecraft:potion":89,"mts:mtsofficialpack.ft17_gray":1,"mcwfences:railing_blackstone_wall":30,"minecraft:iron_trapdoor":8,"minecraft:white_stained_glass_pane":10,"mts:mtsofficialpack.ammocrate_bomb_250":1,"minecraft:smooth_stone_slab":2294,"mts:mtsofficialpack.scout_yellow":1,"minecraft:white_concrete":1,"minecraft:smooth_stone":86,"mcwfences:stone_pillar_wall":29,"mts:mtsofficialpack.fordmustang69_black":6},"minecraft:picked_up":{"mts:mtsofficialpack.ft17_gray":1,"ganjacraft:sativa_seed":589,"minecraft:azure_bluet":5,"saros_money_mod:euro_100":5,"mts:mtsofficialpack.comanche_blue":1,"croptopia:nectarine":2,"ganjacraft:indica_seed":556,"mts:mtsofficialpack.scoutbedpickup":1,"mts:mtsofficialpack.scout_black":2,"croptopia:calamari":1,"minecraft:lily_pad":1,"minecraft:gunpowder":10,"mts:mtsofficialpack.pzlp11_green":1,"minecraft:cornflower":1,"ganjacraft:sativa_gummy":4,"minecraft:string":16,"minecraft:dirt":1,"minecraft:smooth_stone_slab":2,"minecraft:bone":16,"minecraft:apple":1,"minecraft:stone_bricks":2,"minecraft:wheat_seeds":453,"croptopia:avocado":7,"mts:mtsofficialpack.firetruck":1,"justenoughcrowns:goldcrown_helmet":1,"ganjacraft:hemp_beanie":1,"croptopia:pepper_seed":2,"minecraft:poppy":3,"mts:mtsofficialpack.scout_yellow":1,"aquaculture:minnow":1,"croptopia:kale_seed":2,"minecraft:birch_sapling":7,"mts:mtsofficialpack.gmcbrig_blue":1,"minecraft:stick":43,"croptopia:cucumber":2,"croptopia:plum":1,"mts:mtsofficialpack.pzlp11":1,"croptopia:cucumber_seed":4,"mts:mtsofficialpack.fordmustang69_red":1,"minecraft:ink_sac":1,"mts:mtsofficialpack.e500_red":2,"argentinas_delight:yerbamate":9,"minecraft:spider_eye":6,"minecraft:brick_slab":1,"mts:mtsofficialpack.gunft17turret":1,"minecraft:rotten_flesh":8,"croptopia:lemon":5,"minecraft:arrow":10,"minecraft:cactus":1,"mts:mtsofficialpack.fordmustang69_black":5,"ganjacraft:disc_afroman":1,"croptopia:orange":2,"minecraft:pink_tulip":2,"croptopia:pepper":1,"alexsmobs:maggot":2,"minecraft:oak_sapling":56,"mts:mtsofficialpack.ft17_olive":3,"minecraft:oxeye_daisy":2},"minecraft:dropped":{"minecraft:smooth_stone_slab":2,"justenoughcrowns:goldcrown_helmet":1,"minecraft:stone":1,"connectedglass:tinted_glass":1,"minecraft:stone_bricks":2,"minecraft:brick_slab":1}},"DataVersion":2586}