{"stats":{"minecraft:killed":{"minecraft:skeleton":4,"minecraft:zombie":3,"minecraft:spider":2,"minecraft:creeper":22},"minecraft:dropped":{"usefulbackpacks:backpack_enderchest":1},"minecraft:custom":{"minecraft:time_since_rest":33190,"minecraft:interact_with_furnace":1,"minecraft:sprint_one_cm":20807,"minecraft:open_enderchest":1,"minecraft:damage_taken":101,"minecraft:walk_one_cm":40756,"minecraft:mob_kills":31,"minecraft:drop":1,"minecraft:damage_dealt":9,"minecraft:swim_one_cm":2751,"minecraft:fly_one_cm":79571,"minecraft:open_chest":2,"minecraft:play_one_minute":33190,"minecraft:crouch_one_cm":603,"minecraft:open_shulker_box":13,"minecraft:sneak_time":306,"minecraft:walk_under_water_one_cm":1062,"minecraft:jump":115,"minecraft:leave_game":1,"minecraft:walk_on_water_one_cm":985,"minecraft:time_since_death":33190,"minecraft:climb_one_cm":1573,"minecraft:fall_one_cm":2081},"minecraft:used":{"apexguns:kraber":2,"minecraft:ladder":2,"moguns:taki":1,"minecraft:ender_chest":1,"minecraft:stone":8,"projectarsenal:markxix":18,"vehicle:vehicle_crate":1,"minecraft:stone_bricks":2,"minecraft:debug_stick":5,"projectarsenal:golden_hawk":3,"moguns:wrapped_rifle":18,"moguns:hog_bonker":1,"minecraft:cobblestone_wall":11,"apexguns:rifle3030":2,"minecraft:shulker_box":2,"minecraft:glass_pane":2,"minecraft:smooth_stone_slab":2,"projectarsenal:mossou":4,"moguns:scar_l":110,"minecraft:gray_stained_glass":4},"minecraft:picked_up":{"minecraft:ladder":2,"minecraft:chainmail_chestplate":1,"minecraft:gunpowder":24,"minecraft:redstone":1,"minecraft:string":10,"minecraft:shulker_box":1,"minecraft:bone":4,"minecraft:rotten_flesh":3,"minecraft:beetroot_seeds":7,"firstaid:bandage":16,"usefulbackpacks:backpack_enderchest":1,"minecraft:coal":4}},"DataVersion":2586}