{"stats":{"minecraft:picked_up":{"minecraft:feather":1,"minecraft:chicken":1,"simpleshops:simple_shop":1,"saros_money_mod:euro_500":1,"minecraft:mutton":2,"minecraft:white_wool":1},"minecraft:killed":{"minecraft:sheep":1,"minecraft:zombie":1,"minecraft:creeper":1,"minecraft:chicken":1},"minecraft:custom":{"minecraft:time_since_rest":17709,"minecraft:play_one_minute":17709,"minecraft:crouch_one_cm":422,"minecraft:sprint_one_cm":6298,"minecraft:damage_taken":10,"minecraft:walk_one_cm":28881,"minecraft:sneak_time":383,"minecraft:mob_kills":4,"minecraft:drop":4,"minecraft:jump":59,"minecraft:leave_game":1,"minecraft:time_since_death":17709,"minecraft:fall_one_cm":1020,"minecraft:fly_one_cm":4455},"minecraft:dropped":{"minecraft:chicken":1,"simpleshops:simple_shop":1,"saros_money_mod:euro_500":1,"minecraft:feather":1},"minecraft:used":{"mts:mts.custombench":1,"minecraft:white_wool":1,"carryon:tile_item":1,"minecraft:diorite":1,"simpleshops:simple_shop":3,"minecraft:tnt":4,"minecraftmodernxl:palmpot_2":1,"mts:mts.vehiclebench":1,"mts:mtsofficialpack.e500_silver":1,"minecraft:grass_block":1,"mts:mts.wheelbench":4,"mts:mtsofficialpack.gmcbrig_red":1}},"DataVersion":2586}