{"stats":{"minecraft:custom":{"minecraft:time_since_rest":25263,"minecraft:crouch_one_cm":451,"minecraft:play_one_minute":25263,"minecraft:sprint_one_cm":22694,"minecraft:walk_one_cm":33960,"minecraft:sneak_time":430,"minecraft:walk_under_water_one_cm":557,"minecraft:mob_kills":2,"minecraft:jump":114,"minecraft:damage_dealt":10,"minecraft:leave_game":3,"minecraft:walk_on_water_one_cm":252,"minecraft:time_since_death":25263,"minecraft:swim_one_cm":900,"minecraft:fly_one_cm":84032},"minecraft:used":{"mts:mtsofficialpack.pzlp11":1,"mts:mtsofficialpack.ft17_olive":1,"mts:mtsofficialpack.ft17_gray":1,"mts:mtsofficialpack.bell47g":1,"carryon:entity_item":1,"minecraft:stone":1,"mts:mtsofficialpack.pzlp11_green":1,"mts:mtsofficialpack.fordmustang69_black":1},"minecraft:picked_up":{"ganjacraft:sativa_seed":1,"minecraft:dirt":4,"minecraft:spider_eye":1,"minecraft:string":1},"minecraft:killed":{"minecraft:spider":1,"minecraft:zombie":1}},"DataVersion":2586}