{"stats":{"minecraft:custom":{"minecraft:mob_kills":31,"minecraft:play_record":1,"minecraft:play_one_minute":228221,"minecraft:leave_game":8,"minecraft:time_since_death":193515,"minecraft:climb_one_cm":803,"minecraft:time_since_rest":193570,"minecraft:sprint_one_cm":192365,"minecraft:damage_taken":222,"minecraft:walk_one_cm":100503,"minecraft:drop":122,"minecraft:damage_dealt":303,"minecraft:swim_one_cm":131,"minecraft:fly_one_cm":922119,"minecraft:crouch_one_cm":6902,"minecraft:deaths":1,"minecraft:sneak_time":5246,"minecraft:walk_under_water_one_cm":469,"minecraft:jump":626,"minecraft:walk_on_water_one_cm":702,"minecraft:fall_one_cm":2694},"minecraft:used":{"connectedglass:tinted_glass":1,"biomesoplenty:umbran_fence_gate":1,"dramaticdoors:tall_macaw_birch_glass_door":1,"ganjacraft:disc_afroman":1,"dramaticdoors:tall_macaw_jungle_classic_door":1,"mcwtrpdoors:jungle_paper_trapdoor":1,"mcwtrpdoors:spruce_ranch_trapdoor":1,"minecraftmodernxl:toilt_1":1,"biomesoplenty:palm_leaves":1,"mcwfences:birch_stockade_fence":1,"minecraft:stone":8,"cfm:stripped_dark_oak_desk_cabinet":1,"mts:mtsofficialpack.comanche_blue":2,"minecraft:grass":1,"dramaticdoors:tall_byg_holly_door":1,"dramaticdoors:tall_macaw_warped_tropical_door":1,"dramaticdoors:tall_macaw_birch_barn_glass_door":1,"minecraft:dirt":5,"mcwtrpdoors:oak_mystic_trapdoor":1,"mts:mtsofficialpack.e500_red":1,"minecraft:brown_banner":1,"mcwfences:andesite_railing_gate":1,"dramaticdoors:tall_transwood_door":1,"minecraft:red_sandstone_stairs":2,"dramaticdoors:tall_macaw_birch_stable_head_door":1,"dramaticdoors:tall_bop_redwood_door":1,"minecraft:wooden_axe":3,"dramaticdoors:tall_oak_door":1,"dramaticdoors:tall_macaw_jail_door":1,"dramaticdoors:tall_river_door":2,"minecraft:grass_block":49,"dramaticdoors:tall_byg_willow_door":1,"carryon:entity_item":1,"dramaticdoors:tall_cerulean_door":1,"dramaticdoors:tall_macaw_spruce_mystic_door":1,"dramaticdoors:tall_macaw_birch_japanese_door":1,"dramaticdoors:tall_macaw_dark_oak_paper_door":1,"minecraft:stone_bricks":1,"minecraft:magenta_banner":1,"cfm:granite_coffee_table":1,"dramaticdoors:tall_pokecube_corrupted_door":1,"minecraft:podzol":9,"cfm:brown_picket_gate":1,"mcwtrpdoors:crimson_tropical_trapdoor":1,"dramaticdoors:tall_zinc_door":1,"cfm:stripped_oak_upgraded_gate":1,"minecraft:jukebox":1,"minecraft:dark_prismarine_stairs":1},"minecraft:dropped":{"ganjacraft:indica_seed":9,"ganjacraft:sativa_seed":9,"minecraft:wheat_seeds":11,"minecraftmodernxl:kiwi":1,"saros_money_mod:euro_100":81,"minecraft:apple":14,"mts:mtsofficialpack.e500_red":2,"minecraft:grass_block":1,"mts:mtsofficialpack.engineamci4":1,"minecraft:stick":3,"minecraft:oxeye_daisy":1,"minecraft:oak_sapling":2,"croptopia:peach":6,"ganjacraft:hemp_beanie":1,"ganjacraft:lighter":3},"minecraft:killed_by":{"minecraft:player":1},"minecraft:mined":{"minecraft:oak_leaves":2},"minecraft:picked_up":{"ganjacraft:sativa_seed":17,"croptopia:peach":7,"saros_money_mod:euro_100":18,"mts:mtsofficialpack.comanche_blue":1,"ganjacraft:indica_seed":14,"connectedglass:tinted_glass":1,"minecraft:gunpowder":2,"mts:mtsofficialpack.wheelmedium":4,"ganjacraft:lighter":2,"minecraft:bone":1,"minecraft:apple":14,"minecraft:wheat_seeds":14,"minecraft:stick":11,"mts:mtsofficialpack.engineamci4":1,"minecraft:stone":1,"mts:mtsofficialpack.carseat_red":2,"mts:mtsofficialpack.e500_red":1,"travelersbackpack:fox":1,"minecraft:arrow":1,"minecraft:rotten_flesh":2,"croptopia:orange":4,"minecraft:oak_sapling":13,"minecraft:oxeye_daisy":1},"minecraft:killed":{"minecraft:husk":1,"minecraft:spider":2,"minecraft:creeper":8,"minecraft:skeleton":10,"minecraft:zombie":7}},"DataVersion":2586}