{"stats":{"minecraft:custom":{"minecraft:time_since_rest":22595,"minecraft:crouch_one_cm":102,"minecraft:play_one_minute":22595,"minecraft:sprint_one_cm":5903,"minecraft:walk_one_cm":54013,"minecraft:sneak_time":58,"minecraft:mob_kills":14,"minecraft:drop":10,"minecraft:jump":56,"minecraft:damage_dealt":362,"minecraft:leave_game":1,"minecraft:time_since_death":22595,"minecraft:interact_with_crafting_table":1,"minecraft:fly_one_cm":55674},"minecraft:dropped":{"ganjacraft:sativa_gummy":4,"saros_money_mod:euro_100":6},"minecraft:used":{"aquaculture:neptunium_sword":3,"minecraftmodernxl:black_cage_lamp":3,"camera:image_frame":1,"argentinas_delight:laxante":1,"ganjacraft:sativa_gummy":2,"argentinas_delight:teredelimonbloque":1,"minecraft:crafting_table":1,"minecraft:podzol":10,"minecraftmodernxl:wall_lamp_2":5,"argentinas_delight:tabladepollo":1,"minecraftmodernxl:fire_block":2,"minecraft:stone":8,"tac:workbench":1},"minecraft:picked_up":{"minecraft:bone":2,"saros_money_mod:euro_100":64,"minecraft:rotten_flesh":3,"camera:image":4,"ganjacraft:lighter":1,"mts:mtsofficialpack.engineamci4":1,"minecraft:arrow":2},"minecraft:killed":{"alexsmobs:raccoon":1,"minecraft:skeleton":4,"minecraft:zombie":5,"minecraft:pig":1,"minecraft:creeper":2,"minecraft:spider":1}},"DataVersion":2586}