{"stats":{"minecraft:custom":{"minecraft:time_since_rest":149231,"minecraft:sprint_one_cm":133214,"minecraft:walk_one_cm":108414,"minecraft:mob_kills":11,"minecraft:drop":1,"minecraft:damage_dealt":160,"minecraft:fly_one_cm":1950394,"minecraft:play_one_minute":149231,"minecraft:crouch_one_cm":6722,"minecraft:sneak_time":3236,"minecraft:jump":424,"minecraft:leave_game":3,"minecraft:time_since_death":149231,"minecraft:fall_one_cm":209},"minecraft:killed":{"minecraft:skeleton":6,"minecraft:zombie":3,"minecraft:spider":2,"minecraft:creeper":1},"minecraft:used":{"mts:mtsofficialpack.prop4":3,"mcwtrpdoors:birch_glass_trapdoor":1,"minecraft:wooden_axe":2,"minecraft:black_concrete":70,"minecraft:iron_bars":18,"minecraft:grass_block":6,"minecraft:smooth_sandstone":42,"biomesoplenty:hellbark_fence":1,"carryon:entity_item":1,"minecraft:smooth_sandstone_slab":8,"minecraft:ender_pearl":1,"minecraft:stone":37,"supplementaries:iron_gate":184,"biomesoplenty:chiseled_orange_sandstone":4,"minecraft:smooth_sandstone_stairs":169,"minecraft:sandstone_wall":6,"minecraft:gold_ore":1,"minecraft:crimson_nylium":1,"minecraft:stone_bricks":237,"mcwtrpdoors:bamboo_paper_trapdoor":1,"mcwtrpdoors:dark_oak_paper_trapdoor":1,"biomesoplenty:fir_door":1,"biomesoplenty:dead_button":1,"minecraft:brick_slab":37,"mcwtrpdoors:birch_barrel_trapdoor":1,"biomesoplenty:mahogany_door":1,"mcwfences:modern_stone_brick_wall":3,"minecraft:smooth_stone_slab":467,"ganjacraft:hemp_fence":1,"biomesoplenty:smooth_orange_sandstone":2,"minecraft:smooth_stone":28},"minecraft:picked_up":{"ganjacraft:sativa_seed":843,"ganjacraft:indica_seed":864,"minecraft:arrow":3,"minecraft:rotten_flesh":2,"minecraft:wheat_seeds":718,"aquaculture:box_turtle":1,"justenoughcrowns:goldcrown_helmet":1,"camera:image":1},"minecraft:dropped":{"justenoughcrowns:goldcrown_helmet":1}},"DataVersion":2586}