{
  "minecraft:recipes/building_blocks/polished_granite_slab": {
    "criteria": {
      "has_polished_granite": "2024-11-01 21:18:43 +0000"
    },
    "done": true
  },
  "projectarsenal:recipes/projectarsenal/auto9": {
    "criteria": {
      "has_iron_ingots": "2024-11-01 21:30:46 +0000"
    },
    "done": true
  },
  "minecraft:recipes/building_blocks/stone_stairs_from_stone_stonecutting": {
    "criteria": {
      "has_stone": "2024-11-01 21:24:32 +0000"
    },
    "done": true
  },
  "minecraft:recipes/decorations/iron_bars": {
    "criteria": {
      "has_iron_ingot": "2024-11-01 21:30:46 +0000"
    },
    "done": true
  },
  "minecraft:recipes/combat/iron_sword": {
    "criteria": {
      "has_iron_ingot": "2024-11-01 21:30:46 +0000"
    },
    "done": true
  },
  "minecraft:recipes/building_blocks/stone_bricks": {
    "criteria": {
      "has_stone": "2024-11-01 21:24:32 +0000"
    },
    "done": true
  },
  "minecraft:recipes/building_blocks/stone_bricks_from_stone_stonecutting": {
    "criteria": {
      "has_stone": "2024-11-01 21:24:32 +0000"
    },
    "done": true
  },
  "minecraft:recipes/building_blocks/polished_granite_stairs_from_polished_granite_stonecutting": {
    "criteria": {
      "has_polished_granite": "2024-11-01 21:18:43 +0000"
    },
    "done": true
  },
  "projectarsenal:recipes/projectarsenal/m249": {
    "criteria": {
      "has_iron_ingots": "2024-11-01 21:30:46 +0000"
    },
    "done": true
  },
  "projectarsenal:recipes/projectarsenal/famas": {
    "criteria": {
      "has_iron_ingots": "2024-11-01 21:30:46 +0000"
    },
    "done": true
  },
  "projectarsenal:recipes/projectarsenal/glock21": {
    "criteria": {
      "has_iron_ingots": "2024-11-01 21:30:46 +0000"
    },
    "done": true
  },
  "minecraft:recipes/tools/iron_pickaxe": {
    "criteria": {
      "has_iron_ingot": "2024-11-01 21:30:46 +0000"
    },
    "done": true
  },
  "minecraft:recipes/transportation/minecart": {
    "criteria": {
      "has_iron_ingot": "2024-11-01 21:30:46 +0000"
    },
    "done": true
  },
  "moguns:weapons/root": {
    "criteria": {
      "tick": "2024-11-01 21:17:33 +0000"
    },
    "done": true
  },
  "minecraft:recipes/decorations/stonecutter": {
    "criteria": {
      "has_stone": "2024-11-01 21:24:32 +0000"
    },
    "done": true
  },
  "minecraft:adventure/adventuring_time": {
    "criteria": {
      "minecraft:snowy_mountains": "2024-11-01 21:23:43 +0000",
      "minecraft:forest": "2024-11-01 21:25:24 +0000",
      "minecraft:mountains": "2024-11-01 21:25:26 +0000",
      "minecraft:taiga": "2024-11-01 21:32:14 +0000",
      "minecraft:snowy_tundra": "2024-11-01 21:23:00 +0000",
      "minecraft:frozen_river": "2024-11-01 21:23:01 +0000",
      "minecraft:snowy_beach": "2024-11-01 21:17:33 +0000",
      "minecraft:river": "2024-11-01 21:25:13 +0000",
      "minecraft:wooded_hills": "2024-11-01 21:31:12 +0000",
      "minecraft:stone_shore": "2024-11-01 21:25:15 +0000"
    },
    "done": false
  },
  "minecraft:recipes/redstone/iron_door": {
    "criteria": {
      "has_iron_ingot": "2024-11-01 21:30:46 +0000"
    },
    "done": true
  },
  "projectarsenal:recipes/projectarsenal/markxix": {
    "criteria": {
      "has_iron_ingots": "2024-11-01 21:30:46 +0000"
    },
    "done": true
  },
  "projectarsenal:recipes/projectarsenal/shrike": {
    "criteria": {
      "has_iron_ingots": "2024-11-01 21:30:46 +0000"
    },
    "done": true
  },
  "projectarsenal:recipes/projectarsenal/p90": {
    "criteria": {
      "has_iron_ingots": "2024-11-01 21:30:46 +0000"
    },
    "done": true
  },
  "minecraft:recipes/building_blocks/polished_granite_stairs": {
    "criteria": {
      "has_polished_granite": "2024-11-01 21:18:43 +0000"
    },
    "done": true
  },
  "projectarsenal:recipes/projectarsenal/desert_eagle": {
    "criteria": {
      "has_iron_ingots": "2024-11-01 21:30:46 +0000"
    },
    "done": true
  },
  "minecraft:recipes/tools/iron_hoe": {
    "criteria": {
      "has_iron_ingot": "2024-11-01 21:30:46 +0000"
    },
    "done": true
  },
  "minecraft:recipes/building_blocks/smooth_stone": {
    "criteria": {
      "has_stone": "2024-11-01 21:24:32 +0000"
    },
    "done": true
  },
  "minecraft:recipes/misc/iron_nugget": {
    "criteria": {
      "has_iron_ingot": "2024-11-01 21:30:46 +0000"
    },
    "done": true
  },
  "projectarsenal:recipes/projectarsenal/mossou": {
    "criteria": {
      "has_iron_ingots": "2024-11-01 21:30:46 +0000"
    },
    "done": true
  },
  "minecraft:recipes/transportation/birch_boat": {
    "criteria": {
      "in_water": "2024-11-01 21:23:55 +0000"
    },
    "done": true
  },
  "minecraft:recipes/building_blocks/stone_slab_from_stone_stonecutting": {
    "criteria": {
      "has_stone": "2024-11-01 21:24:32 +0000"
    },
    "done": true
  },
  "minecraft:recipes/building_blocks/chiseled_stone_bricks_stone_from_stonecutting": {
    "criteria": {
      "has_stone": "2024-11-01 21:24:32 +0000"
    },
    "done": true
  },
  "minecraft:recipes/building_blocks/iron_block": {
    "criteria": {
      "has_iron_ingot": "2024-11-01 21:30:46 +0000"
    },
    "done": true
  },
  "projectarsenal:recipes/projectarsenal/maxim9": {
    "criteria": {
      "has_iron_ingots": "2024-11-01 21:30:46 +0000"
    },
    "done": true
  },
  "minecraft:recipes/transportation/acacia_boat": {
    "criteria": {
      "in_water": "2024-11-01 21:23:55 +0000"
    },
    "done": true
  },
  "cgm:recipes/cgm/grenade_launcher": {
    "criteria": {
      "has_iron_ingot": "2024-11-01 21:30:46 +0000"
    },
    "done": true
  },
  "minecraft:recipes/tools/iron_shovel": {
    "criteria": {
      "has_iron_ingot": "2024-11-01 21:30:46 +0000"
    },
    "done": true
  },
  "minecraft:recipes/redstone/iron_trapdoor": {
    "criteria": {
      "has_iron_ingot": "2024-11-01 21:30:46 +0000"
    },
    "done": true
  },
  "minecraft:recipes/decorations/smithing_table": {
    "criteria": {
      "has_iron_ingot": "2024-11-01 21:30:46 +0000"
    },
    "done": true
  },
  "moguns:crayfish/root": {
    "criteria": {
      "tick": "2024-11-01 21:17:33 +0000"
    },
    "done": true
  },
  "projectarsenal:recipes/projectarsenal/mp1911": {
    "criteria": {
      "has_iron_ingots": "2024-11-01 21:30:46 +0000"
    },
    "done": true
  },
  "minecraft:recipes/tools/shears": {
    "criteria": {
      "has_iron_ingot": "2024-11-01 21:30:46 +0000"
    },
    "done": true
  },
  "minecraft:recipes/building_blocks/stone_slab": {
    "criteria": {
      "has_stone": "2024-11-01 21:24:32 +0000"
    },
    "done": true
  },
  "minecraft:recipes/redstone/stone_pressure_plate": {
    "criteria": {
      "has_stone": "2024-11-01 21:24:32 +0000"
    },
    "done": true
  },
  "minecraft:recipes/transportation/jungle_boat": {
    "criteria": {
      "in_water": "2024-11-01 21:23:55 +0000"
    },
    "done": true
  },
  "minecraft:recipes/building_blocks/stone_brick_slab_from_stone_stonecutting": {
    "criteria": {
      "has_stone": "2024-11-01 21:24:32 +0000"
    },
    "done": true
  },
  "cgm:recipes/cgm/pistol": {
    "criteria": {
      "has_iron_ingot": "2024-11-01 21:30:46 +0000"
    },
    "done": true
  },
  "minecraft:recipes/transportation/spruce_boat": {
    "criteria": {
      "in_water": "2024-11-01 21:23:55 +0000"
    },
    "done": true
  },
  "projectarsenal:recipes/projectarsenal/cz75": {
    "criteria": {
      "has_iron_ingots": "2024-11-01 21:30:46 +0000"
    },
    "done": true
  },
  "projectarsenal:recipes/projectarsenal/val": {
    "criteria": {
      "has_iron_ingots": "2024-11-01 21:30:46 +0000"
    },
    "done": true
  },
  "minecraft:recipes/decorations/stone_brick_walls_from_stone_stonecutting": {
    "criteria": {
      "has_stone": "2024-11-01 21:24:32 +0000"
    },
    "done": true
  },
  "projectarsenal:recipes/projectarsenal/dp27": {
    "criteria": {
      "has_iron_ingots": "2024-11-01 21:30:46 +0000"
    },
    "done": true
  },
  "minecraft:recipes/building_blocks/stone_brick_stairs_from_stone_stonecutting": {
    "criteria": {
      "has_stone": "2024-11-01 21:24:32 +0000"
    },
    "done": true
  },
  "minecraft:recipes/redstone/heavy_weighted_pressure_plate": {
    "criteria": {
      "has_iron_ingot": "2024-11-01 21:30:46 +0000"
    },
    "done": true
  },
  "minecraft:recipes/transportation/dark_oak_boat": {
    "criteria": {
      "in_water": "2024-11-01 21:23:55 +0000"
    },
    "done": true
  },
  "projectarsenal:recipes/projectarsenal/m1911": {
    "criteria": {
      "has_iron_ingots": "2024-11-01 21:30:46 +0000"
    },
    "done": true
  },
  "projectarsenal:recipes/projectarsenal/verticalgrip": {
    "criteria": {
      "has_iron_ingots": "2024-11-01 21:30:46 +0000"
    },
    "done": true
  },
  "cgm:recipes/cgm/heavy_rifle": {
    "criteria": {
      "has_iron_ingot": "2024-11-01 21:30:46 +0000"
    },
    "done": true
  },
  "projectarsenal:recipes/projectarsenal/p250": {
    "criteria": {
      "has_iron_ingots": "2024-11-01 21:30:46 +0000"
    },
    "done": true
  },
  "minecraft:recipes/building_blocks/polished_granite_slab_from_polished_granite_stonecutting": {
    "criteria": {
      "has_polished_granite": "2024-11-01 21:18:43 +0000"
    },
    "done": true
  },
  "cgm:recipes/cgm/workbench": {
    "criteria": {
      "has_iron": "2024-11-01 21:30:46 +0000"
    },
    "done": true
  },
  "cgm:recipes/cgm/assault_rifle": {
    "criteria": {
      "has_iron_ingot": "2024-11-01 21:30:46 +0000"
    },
    "done": true
  },
  "minecraft:recipes/combat/iron_leggings": {
    "criteria": {
      "has_iron_ingot": "2024-11-01 21:30:46 +0000"
    },
    "done": true
  },
  "projectarsenal:recipes/projectarsenal/aa12": {
    "criteria": {
      "has_iron_ingots": "2024-11-01 21:30:46 +0000"
    },
    "done": true
  },
  "projectarsenal:recipes/projectarsenal/m9": {
    "criteria": {
      "has_iron_ingots": "2024-11-01 21:30:46 +0000"
    },
    "done": true
  },
  "projectarsenal:recipes/projectarsenal/special_muzzle_break": {
    "criteria": {
      "has_iron_ingots": "2024-11-01 21:30:46 +0000"
    },
    "done": true
  },
  "minecraft:recipes/tools/iron_axe": {
    "criteria": {
      "has_iron_ingot": "2024-11-01 21:30:46 +0000"
    },
    "done": true
  },
  "projectarsenal:recipes/projectarsenal/prismatic": {
    "criteria": {
      "has_iron_ingots": "2024-11-01 21:30:46 +0000"
    },
    "done": true
  },
  "projectarsenal:recipes/projectarsenal/vector": {
    "criteria": {
      "has_iron_ingots": "2024-11-01 21:30:46 +0000"
    },
    "done": true
  },
  "minecraft:recipes/combat/shield": {
    "criteria": {
      "has_iron_ingot": "2024-11-01 21:30:46 +0000"
    },
    "done": true
  },
  "minecraft:recipes/decorations/lantern": {
    "criteria": {
      "has_iron_ingot": "2024-11-01 21:30:46 +0000"
    },
    "done": true
  },
  "minecraft:recipes/building_blocks/stone_stairs": {
    "criteria": {
      "has_stone": "2024-11-01 21:24:32 +0000"
    },
    "done": true
  },
  "minecraft:recipes/misc/bucket": {
    "criteria": {
      "has_iron_ingot": "2024-11-01 21:30:46 +0000"
    },
    "done": true
  },
  "minecraft:recipes/combat/iron_boots": {
    "criteria": {
      "has_iron_ingot": "2024-11-01 21:30:46 +0000"
    },
    "done": true
  },
  "cgm:recipes/cgm/bazooka": {
    "criteria": {
      "has_iron_ingot": "2024-11-01 21:30:46 +0000"
    },
    "done": true
  },
  "minecraft:recipes/redstone/hopper": {
    "criteria": {
      "has_iron_ingot": "2024-11-01 21:30:46 +0000"
    },
    "done": true
  },
  "projectarsenal:recipes/projectarsenal/scarh": {
    "criteria": {
      "has_iron_ingots": "2024-11-01 21:30:46 +0000"
    },
    "done": true
  },
  "cgm:recipes/cgm/shotgun": {
    "criteria": {
      "has_iron_ingot": "2024-11-01 21:30:46 +0000"
    },
    "done": true
  },
  "projectarsenal:recipes/projectarsenal/unica_m6": {
    "criteria": {
      "has_iron_ingots": "2024-11-01 21:30:46 +0000"
    },
    "done": true
  },
  "minecraft:recipes/decorations/chain": {
    "criteria": {
      "has_iron_ingot": "2024-11-01 21:30:46 +0000"
    },
    "done": true
  },
  "projectarsenal:recipes/projectarsenal/skeletongrip": {
    "criteria": {
      "has_iron_ingots": "2024-11-01 21:30:46 +0000"
    },
    "done": true
  },
  "minecraft:recipes/redstone/stone_button": {
    "criteria": {
      "has_stone": "2024-11-01 21:24:32 +0000"
    },
    "done": true
  },
  "projectarsenal:recipes/projectarsenal/desert_eagle_classic": {
    "criteria": {
      "has_iron_ingots": "2024-11-01 21:30:46 +0000"
    },
    "done": true
  },
  "minecraft:recipes/transportation/oak_boat": {
    "criteria": {
      "in_water": "2024-11-01 21:23:55 +0000"
    },
    "done": true
  },
  "minecraft:recipes/combat/iron_chestplate": {
    "criteria": {
      "has_iron_ingot": "2024-11-01 21:30:46 +0000"
    },
    "done": true
  },
  "minecraft:recipes/combat/crossbow": {
    "criteria": {
      "has_iron_ingot": "2024-11-01 21:30:46 +0000"
    },
    "done": true
  },
  "minecraft:story/smelt_iron": {
    "criteria": {
      "iron": "2024-11-01 21:30:46 +0000"
    },
    "done": true
  },
  "projectarsenal:recipes/projectarsenal/mp5a4": {
    "criteria": {
      "has_iron_ingots": "2024-11-01 21:30:46 +0000"
    },
    "done": true
  },
  "projectarsenal:recipes/projectarsenal/r2_suppressor": {
    "criteria": {
      "has_iron_ingots": "2024-11-01 21:30:46 +0000"
    },
    "done": true
  },
  "projectarsenal:recipes/projectarsenal/ar15_classic": {
    "criteria": {
      "has_iron_ingots": "2024-11-01 21:30:46 +0000"
    },
    "done": true
  },
  "cgm:recipes/cgm/mini_gun": {
    "criteria": {
      "has_iron_ingot": "2024-11-01 21:30:46 +0000"
    },
    "done": true
  },
  "cgm:recipes/cgm/machine_pistol": {
    "criteria": {
      "has_iron_ingot": "2024-11-01 21:30:46 +0000"
    },
    "done": true
  },
  "cgm:recipes/cgm/rifle": {
    "criteria": {
      "has_iron_ingot": "2024-11-01 21:30:46 +0000"
    },
    "done": true
  },
  "minecraft:recipes/combat/iron_helmet": {
    "criteria": {
      "has_iron_ingot": "2024-11-01 21:30:46 +0000"
    },
    "done": true
  },
  "projectarsenal:recipes/projectarsenal/aug_a3c": {
    "criteria": {
      "has_iron_ingots": "2024-11-01 21:30:46 +0000"
    },
    "done": true
  },
  "DataVersion": 2586
}