"UUID","Real Name","Displayed Name","Name Color","Name Visible","Animation"
"33192216-54bb-3eb4-be01-948abc4ad1d3","ALemmone","ALemmone","white","true","NONE"
"8b18bfb9-fd7a-3cf7-83eb-ceb648643036","AnEssteciia","AnEssteciia","white","true","NONE"
"e9a60ed3-0654-38cc-98cd-d404d43b12a3","potypoch","potypoch","white","true","NONE"
"acef4134-3a87-3bf8-a64a-4124b7fc3487","potypoch1236","potypoch1236","white","true","NONE"
"bec17e87-da52-30d6-acba-03cdc8b2da88","iglu__","iglu__","white","true","NONE"
"256da595-e657-447a-9797-dcd1cad56384","ALemmone","ALemmone","white","true","NONE"